Model,Actual,Predicted
Random Forest,3174.6,3117.0130000000004
Random Forest,5492.55,5494.894500000003
Random Forest,7237.65,7260.890499999998
Random Forest,19677.0,19571.51550000001
Random Forest,6030.15,6052.055499999997
Random Forest,5740.35,5759.502
Random Forest,3444.0,3462.1510000000026
Random Forest,4870.95,4873.400000000001
Random Forest,2442.3,2453.4935
Random Forest,9975.9,9520.040500000006
Random Forest,5009.55,5024.057000000002
Random Forest,2404.5,2410.8394999999987
Random Forest,5745.6,5758.4145
Random Forest,4355.4,4354.809999999996
Random Forest,7782.6,7846.915999999997
Random Forest,5603.85,5603.442000000001
Random Forest,9070.95,9217.975500000008
Random Forest,5985.1,5941.0515000000005
Random Forest,9228.45,9322.460000000003
Random Forest,3382.05,3365.1985
Random Forest,5294.1,5320.473000000001
Random Forest,6564.8,6364.7694999999985
Random Forest,3974.25,3942.356999999999
Random Forest,5973.45,5970.6775000000025
Random Forest,20492.85,20523.065000000013
Random Forest,11753.5,11544.373000000005
Random Forest,14015.4,13921.230000000014
Random Forest,2642.85,2642.1885
Random Forest,5631.15,5646.679499999998
Random Forest,9447.9,9320.531000000006
Random Forest,2944.2,2939.6300000000024
Random Forest,8026.2,8080.620999999998
Random Forest,18752.8,18372.805999999986
Random Forest,4670.4,4665.0975
Random Forest,6638.1,6675.259499999997
Random Forest,14283.15,14285.077000000005
Random Forest,2856.0,2860.7494999999985
Random Forest,2830.8,2833.137
Random Forest,2864.4,2853.2909999999993
Random Forest,2284.8,2292.2140000000013
Random Forest,3463.9,3327.8979999999997
Random Forest,3355.8,3364.323999999999
Random Forest,3073.4,3017.2794999999996
Random Forest,5666.1,5595.317500000001
Random Forest,16930.2,17254.673999999988
Random Forest,18820.2,18898.481500000005
Random Forest,4499.25,4528.540499999999
Random Forest,4668.4,4515.288000000001
Random Forest,12085.5,12274.4575
Random Forest,3624.6,3636.2550000000006
Random Forest,19598.25,19486.726500000004
Random Forest,3120.6,3123.989499999998
Random Forest,13907.25,13870.445500000013
Random Forest,6449.1,6472.348999999995
Random Forest,8737.05,8785.60200000001
Random Forest,6850.2,6835.7975000000015
Random Forest,6954.15,6984.114499999992
Random Forest,4214.7,4239.734499999999
Random Forest,9275.7,9338.145000000008
Random Forest,2951.55,2969.7890000000007
Random Forest,3680.25,3648.199499999999
Random Forest,1103.55,1295.3710000000005
Random Forest,2686.95,2689.423000000001
Random Forest,8648.85,8644.944000000007
Random Forest,5467.35,5466.541500000003
Random Forest,10200.75,10277.901999999998
Random Forest,15118.4,14741.45000000001
Random Forest,4175.85,4210.206500000001
Random Forest,17491.95,17449.239500000003
Random Forest,6769.35,6792.7635
Random Forest,11206.65,11271.505000000003
Random Forest,7500.15,7477.415499999998
Random Forest,2853.9,2860.560999999999
Random Forest,5252.5,5206.114000000005
Random Forest,2371.95,2382.679
Random Forest,2692.2,2697.442000000001
Random Forest,2276.4,2286.6745000000024
Random Forest,9219.1,8804.397000000008
Random Forest,3545.85,3640.130000000002
Random Forest,6911.1,6907.109000000008
Random Forest,3471.3,3469.1545000000015
Random Forest,20021.4,20070.007999999987
Random Forest,6380.85,6425.5085
Random Forest,4975.95,4959.168500000001
Random Forest,4541.25,4550.9205
Random Forest,2874.3,2808.3165000000013
Random Forest,19894.35,19958.232999999993
Random Forest,9741.9,9657.696500000005
Random Forest,2176.65,2198.063
Random Forest,2626.05,2617.8744999999976
Random Forest,6664.35,6676.038999999999
Random Forest,2113.65,2121.4999999999986
Random Forest,9837.3,9462.303500000013
Random Forest,4592.7,4595.966999999997
Random Forest,13986.0,13913.667000000009
Random Forest,5498.9,5460.565999999995
Random Forest,11480.7,11612.432000000004
Random Forest,6795.6,6837.818
Random Forest,2959.95,2975.026999999999
Random Forest,6825.0,6836.203500000003
Random Forest,12632.55,12631.244999999997
Random Forest,8497.5,8146.154999999999
Random Forest,20607.3,20717.75200000001
Random Forest,2517.9,2464.102999999998
Random Forest,3792.8,3653.6725000000006
Random Forest,2906.4,2933.1485000000002
Random Forest,2107.35,2118.3609999999976
Random Forest,10600.8,10563.308000000003
Random Forest,20617.8,20804.321500000005
Random Forest,2317.35,2315.869999999999
Random Forest,6905.85,6910.044000000005
Random Forest,4293.45,4297.753999999998
Random Forest,4517.1,4528.991999999999
Random Forest,4407.9,4399.163999999999
Random Forest,3320.1,3338.3049999999994
Random Forest,6541.5,6533.442499999996
Random Forest,4512.9,4529.4645
Random Forest,10210.2,10282.893500000004
Random Forest,1557.15,1610.5749999999994
Random Forest,18080.7,17525.057499999988
Random Forest,2101.05,2123.4934999999987
Random Forest,5746.65,5756.016000000002
Random Forest,5049.45,5056.1945
Random Forest,4666.2,4665.2305
Random Forest,6880.65,6873.422000000003
Random Forest,8598.45,8526.798000000004
Random Forest,4672.5,4663.3545
Random Forest,2978.85,2991.8554999999988
Random Forest,5489.4,5494.912500000006
Random Forest,2444.4,2451.9519999999998
Random Forest,4916.1,4917.970000000004
Random Forest,3127.95,3125.4489999999987
Random Forest,5641.65,5647.597499999998
Random Forest,3641.0,3472.168000000003
Random Forest,18768.75,18932.217
Random Forest,17724.0,18011.573999999986
Random Forest,9289.35,9375.631000000008
Random Forest,11020.8,11095.550499999996
Random Forest,9905.7,9885.737999999994
Random Forest,6798.0,6725.7089999999935
Random Forest,3017.3,2935.8414999999995
Random Forest,6983.55,6975.747999999997
Random Forest,6797.7,6836.586499999999
Random Forest,3390.45,3363.276
Random Forest,5464.2,5460.903000000003
Random Forest,3810.45,3837.544499999998
Random Forest,5587.05,5598.011999999996
Random Forest,12664.05,12671.225999999991
Random Forest,2485.35,2491.7104999999992
Random Forest,6755.7,6782.704999999999
Random Forest,3681.3,3651.829999999999
Random Forest,2382.45,2387.4325000000013
Random Forest,5226.9,5234.056500000001
Random Forest,4548.6,4564.233499999999
Random Forest,18754.05,18912.613499999992
Random Forest,3207.75,3224.093999999999
Random Forest,5316.15,5330.334500000002
Random Forest,6165.5,6059.815000000002
Random Forest,2749.95,2776.283500000001
Random Forest,4536.0,4541.859000000001
Random Forest,2323.65,2324.9239999999977
Random Forest,8499.75,8483.716500000004
Random Forest,3056.55,3055.8805000000007
Random Forest,5256.3,5309.288500000002
Random Forest,12471.9,12514.495499999997
Random Forest,10118.85,10122.531500000001
Random Forest,2576.2,2548.6140000000014
Random Forest,4881.45,4880.153500000005
Random Forest,2871.0,2805.797500000002
Random Forest,3354.75,3366.541499999999
Random Forest,5247.9,5298.633500000001
Random Forest,17921.4,17878.297499999997
Random Forest,20035.05,20000.728999999978
Random Forest,8832.6,8824.851000000006
Random Forest,16791.6,16673.70300000001
Random Forest,8763.3,8838.770000000004
Random Forest,3577.35,3616.5039999999995
Random Forest,2765.4,2678.9674999999993
Random Forest,11424.0,11519.353000000003
Random Forest,4441.5,4439.431499999996
Random Forest,2125.2,2141.591999999999
Random Forest,2779.35,2788.2335000000007
Random Forest,12031.8,11886.146000000008
Random Forest,20376.3,20401.88850000002
Random Forest,8272.95,8271.732000000005
Random Forest,6171.9,6203.2424999999985
Random Forest,19658.1,19501.537500000006
Random Forest,2573.55,2571.3364999999976
Random Forest,6760.95,6780.208999999999
Random Forest,6333.6,6298.046000000001
Random Forest,5253.15,5317.974500000002
Random Forest,7474.95,7527.824999999996
Random Forest,2490.6,2497.2465
Random Forest,3692.85,3682.876500000002
Random Forest,20940.15,20751.142000000003
Random Forest,5749.8,5749.9890000000005
Random Forest,19867.1,19222.5435
Random Forest,5481.0,5468.9225000000015
Random Forest,5840.1,5844.572999999997
Random Forest,15554.7,15466.024500000016
Random Forest,18874.9,18483.863499999996
Random Forest,8254.05,8278.270000000002
Random Forest,6209.7,6270.477999999999
Random Forest,5017.95,5029.943000000003
Random Forest,4116.0,4127.242500000001
Random Forest,2193.45,2202.6614999999997
Random Forest,17122.35,17337.034499999987
Random Forest,7526.2,7339.978999999999
Random Forest,2893.8,2915.5155
Random Forest,10432.8,10459.740499999993
Random Forest,2714.25,2723.0260000000007
Random Forest,5323.5,5338.979499999999
Random Forest,2704.8,2719.5405000000014
Random Forest,4127.55,4150.0689999999995
Random Forest,10183.95,10306.871500000001
Random Forest,4396.35,4403.6140000000005
Random Forest,3287.55,3300.7555000000007
Random Forest,5560.8,5566.3545
Random Forest,2599.8,2595.474999999997
Random Forest,17715.6,17881.649999999994
Random Forest,5364.7,5291.222500000003
Random Forest,13932.45,13884.506000000012
Random Forest,4990.7,4855.4749999999985
Random Forest,4978.05,4959.502000000003
Random Forest,2774.1,2792.2250000000013
Random Forest,5960.85,5977.067000000001
Random Forest,5780.25,5772.368999999998
Random Forest,6147.75,6153.980500000001
Random Forest,4749.15,4755.2505
Random Forest,20824.65,20775.75650000001
Random Forest,5216.4,5234.433
Random Forest,7627.2,7613.323999999999
Random Forest,11448.15,11585.177
Random Forest,2385.6,2390.236000000002
Random Forest,7799.4,7861.722999999997
Random Forest,8556.9,8136.098000000002
Random Forest,3591.0,3605.896000000001
Random Forest,9321.4,8882.597000000007
Random Forest,2048.55,2118.0979999999977
Random Forest,4952.85,4963.757500000003
Random Forest,10630.2,10741.651499999994
Random Forest,2459.1,2471.441999999999
Random Forest,4440.7,4362.242499999997
Random Forest,2878.05,2865.329999999998
Random Forest,4785.9,4800.0279999999975
Random Forest,4355.4,4358.740499999997
Random Forest,14412.3,14510.104999999996
Ridge Regression,3174.6,3333.729051511523
Ridge Regression,5492.55,5464.003159644042
Ridge Regression,7237.65,7238.161454453916
Ridge Regression,19677.0,19713.700223546002
Ridge Regression,6030.15,6026.073403971696
Ridge Regression,5740.35,5744.32782290056
Ridge Regression,3444.0,3418.6901969697274
Ridge Regression,4870.95,4853.531465431047
Ridge Regression,2442.3,2413.8483086063666
Ridge Regression,9975.9,9878.606630909715
Ridge Regression,5009.55,5009.402937462237
Ridge Regression,2404.5,2392.915615040067
Ridge Regression,5745.6,5705.262910298229
Ridge Regression,4355.4,4350.624306713693
Ridge Regression,7782.6,7755.607746814573
Ridge Regression,5603.85,5574.074975954933
Ridge Regression,9070.95,9108.983789489619
Ridge Regression,5985.1,6020.907059414752
Ridge Regression,9228.45,9240.934436386935
Ridge Regression,3382.05,3317.4286626876483
Ridge Regression,5294.1,5305.502352136183
Ridge Regression,6564.8,6607.418730069958
Ridge Regression,3974.25,3972.0363573426293
Ridge Regression,5973.45,5972.29770773656
Ridge Regression,20492.85,20662.3584494643
Ridge Regression,11753.5,11593.01856000453
Ridge Regression,14015.4,14025.595537708283
Ridge Regression,2642.85,2590.547615494786
Ridge Regression,5631.15,5609.560239063568
Ridge Regression,9447.9,9485.139019188904
Ridge Regression,2944.2,2894.248923351802
Ridge Regression,8026.2,8042.723833916772
Ridge Regression,18752.8,18342.009818669932
Ridge Regression,4670.4,4636.130803608973
Ridge Regression,6638.1,6628.423251653334
Ridge Regression,14283.15,14358.161366791534
Ridge Regression,2856.0,2867.2064898339004
Ridge Regression,2830.8,2763.0562524103743
Ridge Regression,2864.4,2812.123170775022
Ridge Regression,2284.8,2222.9596470226056
Ridge Regression,3463.9,3579.5154701705123
Ridge Regression,3355.8,3340.5195174694127
Ridge Regression,3073.4,3229.415417066878
Ridge Regression,5666.1,5727.324802916465
Ridge Regression,16930.2,16971.268484673175
Ridge Regression,18820.2,18903.457719282553
Ridge Regression,4499.25,4460.613054942973
Ridge Regression,4668.4,4771.432612205938
Ridge Regression,12085.5,12082.362444077193
Ridge Regression,3624.6,3594.9397706398913
Ridge Regression,19598.25,19674.180197104502
Ridge Regression,3120.6,3102.8866882682805
Ridge Regression,13907.25,13922.517697276911
Ridge Regression,6449.1,6455.906606207044
Ridge Regression,8737.05,8731.744089261552
Ridge Regression,6850.2,6832.835546951871
Ridge Regression,6954.15,6920.354708618536
Ridge Regression,4214.7,4197.355702205199
Ridge Regression,9275.7,9312.527487939718
Ridge Regression,2951.55,2911.9264192726814
Ridge Regression,3680.25,3666.4206454323894
Ridge Regression,1103.55,1078.7247385640712
Ridge Regression,2686.95,2608.8698576884226
Ridge Regression,8648.85,8611.603377036517
Ridge Regression,5467.35,5440.287232809923
Ridge Regression,10200.75,10249.199341069714
Ridge Regression,15118.4,14769.202562508053
Ridge Regression,4175.85,4159.245477856945
Ridge Regression,17491.95,17600.25928931561
Ridge Regression,6769.35,6757.248713176236
Ridge Regression,11206.65,11241.306566274798
Ridge Regression,7500.15,7526.143251908415
Ridge Regression,2853.9,2862.1559742725462
Ridge Regression,5252.5,5332.467618063434
Ridge Regression,2371.95,2341.574549062227
Ridge Regression,2692.2,2695.7333330914576
Ridge Regression,2276.4,2253.634081132624
Ridge Regression,9219.1,9127.866451930451
Ridge Regression,3545.85,3513.9615983814174
Ridge Regression,6911.1,6886.745585281674
Ridge Regression,3471.3,3460.918634231909
Ridge Regression,20021.4,20175.407188431833
Ridge Regression,6380.85,6384.188248569036
Ridge Regression,4975.95,5002.33869298965
Ridge Regression,4541.25,4514.609180017977
Ridge Regression,2874.3,3108.428337313472
Ridge Regression,19894.35,20055.591948595098
Ridge Regression,9741.9,9791.078955024273
Ridge Regression,2176.65,2123.4911598498766
Ridge Regression,2626.05,2596.156002480428
Ridge Regression,6664.35,6664.38270785848
Ridge Regression,2113.65,2069.5203777862457
Ridge Regression,9837.3,9752.562477483101
Ridge Regression,4592.7,4601.591602381936
Ridge Regression,13986.0,14034.894268684955
Ridge Regression,5498.9,5565.28551428585
Ridge Regression,11480.7,11553.881150464302
Ridge Regression,6795.6,6794.860476477948
Ridge Regression,2959.95,2913.708501743501
Ridge Regression,6825.0,6803.396497093221
Ridge Regression,12632.55,12637.204414754957
Ridge Regression,8497.5,8470.258313284794
Ridge Regression,20607.3,20676.017585824502
Ridge Regression,2517.9,2688.1764215082135
Ridge Regression,3792.8,3937.706890892283
Ridge Regression,2906.4,2869.983528578068
Ridge Regression,2107.35,2100.552368482454
Ridge Regression,10600.8,10618.663729187589
Ridge Regression,20617.8,20737.182071379804
Ridge Regression,2317.35,2279.1050316602973
Ridge Regression,6905.85,6892.233683325446
Ridge Regression,4293.45,4235.649856548276
Ridge Regression,4517.1,4488.530661124669
Ridge Regression,4407.9,4363.580093670507
Ridge Regression,3320.1,3319.090093446127
Ridge Regression,6541.5,6546.289443116189
Ridge Regression,4512.9,4502.287433841534
Ridge Regression,10210.2,10245.010746516367
Ridge Regression,1557.15,1518.0250535643781
Ridge Regression,18080.7,17645.45780389578
Ridge Regression,2101.05,2085.431257243046
Ridge Regression,5746.65,5759.403844322183
Ridge Regression,5049.45,5051.686330831717
Ridge Regression,4666.2,4675.232148285751
Ridge Regression,6880.65,6864.995755595072
Ridge Regression,8598.45,8578.332821343767
Ridge Regression,4672.5,4639.407612496776
Ridge Regression,2978.85,2949.1439439761048
Ridge Regression,5489.4,5460.261285588456
Ridge Regression,2444.4,2377.364604439394
Ridge Regression,4916.1,4906.15331290576
Ridge Regression,3127.95,3150.4292274626623
Ridge Regression,5641.65,5594.895204289046
Ridge Regression,3641.0,3768.3606122855
Ridge Regression,18768.75,18905.894567713392
Ridge Regression,17724.0,17766.71883347482
Ridge Regression,9289.35,9326.224621663208
Ridge Regression,11020.8,11060.275733756705
Ridge Regression,9905.7,9922.491595243559
Ridge Regression,6798.0,6828.3868738446545
Ridge Regression,3017.3,3196.6980626413333
Ridge Regression,6983.55,7001.836022490026
Ridge Regression,6797.7,6795.224719811711
Ridge Regression,3390.45,3346.9597108484786
Ridge Regression,5464.2,5430.452894077269
Ridge Regression,3810.45,3806.0359722968533
Ridge Regression,5587.05,5590.152009742262
Ridge Regression,12664.05,12698.79731157469
Ridge Regression,2485.35,2445.4159502219727
Ridge Regression,6755.7,6762.407724596242
Ridge Regression,3681.3,3614.8706454638495
Ridge Regression,2382.45,2354.081329085401
Ridge Regression,5226.9,5203.606089786135
Ridge Regression,4548.6,4538.893595065708
Ridge Regression,18754.05,18859.506442424416
Ridge Regression,3207.75,3191.0368883274214
Ridge Regression,5316.15,5305.736951858273
Ridge Regression,6165.5,6188.055505173274
Ridge Regression,2749.95,2713.3427031040223
Ridge Regression,4536.0,4524.735337449724
Ridge Regression,2323.65,2271.8703615664085
Ridge Regression,8499.75,8513.537499539929
Ridge Regression,3056.55,3024.3823764041654
Ridge Regression,5256.3,5190.111361260455
Ridge Regression,12471.9,12529.396302547328
Ridge Regression,10118.85,10155.243005544715
Ridge Regression,2576.2,2741.9896491171135
Ridge Regression,4881.45,4858.619709997442
Ridge Regression,2871.0,3078.7654170331075
Ridge Regression,3354.75,3316.7344821194065
Ridge Regression,5247.9,5228.047650171512
Ridge Regression,17921.4,17977.30914652418
Ridge Regression,20035.05,20076.607403505506
Ridge Regression,8832.6,8853.600502182762
Ridge Regression,16791.6,16851.299975883376
Ridge Regression,8763.3,8779.290190345557
Ridge Regression,3577.35,3545.369096236019
Ridge Regression,2765.4,2959.437632050684
Ridge Regression,11424.0,11465.077477970204
Ridge Regression,4441.5,4438.040815323541
Ridge Regression,2125.2,2124.500943314907
Ridge Regression,2779.35,2742.6748197399847
Ridge Regression,12031.8,11863.389529132077
Ridge Regression,20376.3,20431.513777305223
Ridge Regression,8272.95,8251.73270342061
Ridge Regression,6171.9,6142.747804209539
Ridge Regression,19658.1,19722.707421983505
Ridge Regression,2573.55,2522.466702863787
Ridge Regression,6760.95,6755.163514079878
Ridge Regression,6333.6,6333.948225050984
Ridge Regression,5253.15,5241.122651066325
Ridge Regression,7474.95,7473.317543164175
Ridge Regression,2490.6,2449.1741863196307
Ridge Regression,3692.85,3669.9107306981914
Ridge Regression,20940.15,21059.67646951604
Ridge Regression,5749.8,5720.768092341281
Ridge Regression,19867.1,19432.423196404285
Ridge Regression,5481.0,5442.740728019955
Ridge Regression,5840.1,5836.922908523118
Ridge Regression,15554.7,15581.754616192178
Ridge Regression,18874.9,18390.212855806505
Ridge Regression,8254.05,8249.91086149889
Ridge Regression,6209.7,6189.16048847124
Ridge Regression,5017.95,4994.228695224726
Ridge Regression,4116.0,4113.118701782376
Ridge Regression,2193.45,2169.7478627112887
Ridge Regression,17122.35,17255.95270048733
Ridge Regression,7526.2,7500.689390016766
Ridge Regression,2893.8,2853.7194755041287
Ridge Regression,10432.8,10510.398163364043
Ridge Regression,2714.25,2668.7308187373815
Ridge Regression,5323.5,5331.906643199033
Ridge Regression,2704.8,2659.632373696033
Ridge Regression,4127.55,4084.3112661585747
Ridge Regression,10183.95,10220.597774899023
Ridge Regression,4396.35,4360.21221872801
Ridge Regression,3287.55,3264.3752009338486
Ridge Regression,5560.8,5533.222509199184
Ridge Regression,2599.8,2541.300737126187
Ridge Regression,17715.6,17858.10877041901
Ridge Regression,5364.7,5466.055821082367
Ridge Regression,13932.45,13985.041054736517
Ridge Regression,4990.7,5046.921876704456
Ridge Regression,4978.05,4967.7656766563105
Ridge Regression,2774.1,2712.7328693140726
Ridge Regression,5960.85,5932.093847382735
Ridge Regression,5780.25,5752.342244438935
Ridge Regression,6147.75,6140.243983808464
Ridge Regression,4749.15,4743.160407755609
Ridge Regression,20824.65,20950.769402453752
Ridge Regression,5216.4,5193.845161713438
Ridge Regression,7627.2,7595.246148805573
Ridge Regression,11448.15,11478.41403620693
Ridge Regression,2385.6,2334.794950979981
Ridge Regression,7799.4,7774.34004678536
Ridge Regression,8556.9,8571.879606323593
Ridge Regression,3591.0,3555.5490366392914
Ridge Regression,9321.4,9276.030011499977
Ridge Regression,2048.55,1991.5616028505474
Ridge Regression,4952.85,4918.351775272768
Ridge Regression,10630.2,10644.497017891612
Ridge Regression,2459.1,2475.0424003309136
Ridge Regression,4440.7,4534.726638039414
Ridge Regression,2878.05,2850.260585230954
Ridge Regression,4785.9,4755.312487269133
Ridge Regression,4355.4,4322.476290525347
Ridge Regression,14412.3,14478.889154502263
Lasso Regression,3174.6,3334.7175727238227
Lasso Regression,5492.55,5465.974456238152
Lasso Regression,7237.65,7238.127956814212
Lasso Regression,19677.0,19715.96123510226
Lasso Regression,6030.15,6021.507957518216
Lasso Regression,5740.35,5744.083507245869
Lasso Regression,3444.0,3417.1425221212576
Lasso Regression,4870.95,4852.831625075267
Lasso Regression,2442.3,2413.41919285044
Lasso Regression,9975.9,9881.937756606592
Lasso Regression,5009.55,5007.479177586866
Lasso Regression,2404.5,2390.7302864635135
Lasso Regression,5745.6,5705.043829183829
Lasso Regression,4355.4,4347.3013485880865
Lasso Regression,7782.6,7757.147065734272
Lasso Regression,5603.85,5573.778760124881
Lasso Regression,9070.95,9108.822782574429
Lasso Regression,5985.1,6023.060172094265
Lasso Regression,9228.45,9242.420275752393
Lasso Regression,3382.05,3316.470440269205
Lasso Regression,5294.1,5302.16088530838
Lasso Regression,6564.8,6607.718652911482
Lasso Regression,3974.25,3970.5480807399135
Lasso Regression,5973.45,5970.638176161755
Lasso Regression,20492.85,20655.87348490779
Lasso Regression,11753.5,11595.617827007976
Lasso Regression,14015.4,14026.555361564831
Lasso Regression,2642.85,2590.2754980628547
Lasso Regression,5631.15,5610.582932108034
Lasso Regression,9447.9,9486.712162110649
Lasso Regression,2944.2,2897.687129827435
Lasso Regression,8026.2,8040.412676537107
Lasso Regression,18752.8,18339.127784057033
Lasso Regression,4670.4,4634.425131688277
Lasso Regression,6638.1,6630.47943055763
Lasso Regression,14283.15,14354.500728600564
Lasso Regression,2856.0,2866.544032177832
Lasso Regression,2830.8,2767.974711906774
Lasso Regression,2864.4,2814.7131004237904
Lasso Regression,2284.8,2226.1333432599768
Lasso Regression,3463.9,3584.256230682231
Lasso Regression,3355.8,3339.632406351968
Lasso Regression,3073.4,3233.983525435846
Lasso Regression,5666.1,5726.415657305894
Lasso Regression,16930.2,16972.26723321473
Lasso Regression,18820.2,18899.371878374703
Lasso Regression,4499.25,4461.222569211427
Lasso Regression,4668.4,4770.979540010679
Lasso Regression,12085.5,12083.549665663424
Lasso Regression,3624.6,3593.9497648523893
Lasso Regression,19598.25,19678.760421208135
Lasso Regression,3120.6,3102.6939594577416
Lasso Regression,13907.25,13922.241635639839
Lasso Regression,6449.1,6452.589315588493
Lasso Regression,8737.05,8733.128454493883
Lasso Regression,6850.2,6833.0743197415895
Lasso Regression,6954.15,6919.260066150092
Lasso Regression,4214.7,4197.868976921527
Lasso Regression,9275.7,9312.217689152356
Lasso Regression,2951.55,2913.7559817695637
Lasso Regression,3680.25,3665.413746244454
Lasso Regression,1103.55,1077.037591341264
Lasso Regression,2686.95,2610.6409324064375
Lasso Regression,8648.85,8613.166766645507
Lasso Regression,5467.35,5443.300587373595
Lasso Regression,10200.75,10245.639075550003
Lasso Regression,15118.4,14771.144268616219
Lasso Regression,4175.85,4157.929684955375
Lasso Regression,17491.95,17597.64274182771
Lasso Regression,6769.35,6756.636341187326
Lasso Regression,11206.65,11241.09917048362
Lasso Regression,7500.15,7525.479155539678
Lasso Regression,2853.9,2860.943208313376
Lasso Regression,5252.5,5333.663569634593
Lasso Regression,2371.95,2339.2492884888343
Lasso Regression,2692.2,2692.5696995913113
Lasso Regression,2276.4,2253.159882543959
Lasso Regression,9219.1,9128.745509875396
Lasso Regression,3545.85,3514.450921508429
Lasso Regression,6911.1,6887.151191633804
Lasso Regression,3471.3,3460.5072085565216
Lasso Regression,20021.4,20165.864250353683
Lasso Regression,6380.85,6379.205550149747
Lasso Regression,4975.95,5001.1103728924545
Lasso Regression,4541.25,4513.641595025488
Lasso Regression,2874.3,3108.388969384964
Lasso Regression,19894.35,20050.87938418817
Lasso Regression,9741.9,9790.920880731865
Lasso Regression,2176.65,2124.4107376984643
Lasso Regression,2626.05,2595.277684972113
Lasso Regression,6664.35,6661.824622421531
Lasso Regression,2113.65,2069.962717897232
Lasso Regression,9837.3,9754.14908563111
Lasso Regression,4592.7,4598.605134464592
Lasso Regression,13986.0,14035.370037697005
Lasso Regression,5498.9,5565.21644846401
Lasso Regression,11480.7,11553.844112352192
Lasso Regression,6795.6,6795.442619051904
Lasso Regression,2959.95,2913.534841666439
Lasso Regression,6825.0,6802.694067800122
Lasso Regression,12632.55,12639.9648238072
Lasso Regression,8497.5,8470.607042881253
Lasso Regression,20607.3,20677.633891920304
Lasso Regression,2517.9,2690.9414902663034
Lasso Regression,3792.8,3940.129272538031
Lasso Regression,2906.4,2870.267664137419
Lasso Regression,2107.35,2100.4179942888345
Lasso Regression,10600.8,10617.254667369722
Lasso Regression,20617.8,20749.636066860417
Lasso Regression,2317.35,2280.0650246126966
Lasso Regression,6905.85,6892.84881205616
Lasso Regression,4293.45,4232.614256276106
Lasso Regression,4517.1,4487.817347454104
Lasso Regression,4407.9,4363.209209791578
Lasso Regression,3320.1,3317.9194319600647
Lasso Regression,6541.5,6543.820118552058
Lasso Regression,4512.9,4501.400548927908
Lasso Regression,10210.2,10246.61018978549
Lasso Regression,1557.15,1517.9509755471681
Lasso Regression,18080.7,17669.0193290958
Lasso Regression,2101.05,2082.1918463526035
Lasso Regression,5746.65,5759.133743784541
Lasso Regression,5049.45,5049.829387905394
Lasso Regression,4666.2,4676.1740694239625
Lasso Regression,6880.65,6864.712673843114
Lasso Regression,8598.45,8580.895239923346
Lasso Regression,4672.5,4638.2195715323505
Lasso Regression,2978.85,2948.823765888313
Lasso Regression,5489.4,5462.409501486773
Lasso Regression,2444.4,2378.424119008528
Lasso Regression,4916.1,4906.928951936754
Lasso Regression,3127.95,3147.0467185598463
Lasso Regression,5641.65,5594.066377146494
Lasso Regression,3641.0,3770.0003851088004
Lasso Regression,18768.75,18898.51864395381
Lasso Regression,17724.0,17769.944596926085
Lasso Regression,9289.35,9325.65354323573
Lasso Regression,11020.8,11058.976644617822
Lasso Regression,9905.7,9920.161771564639
Lasso Regression,6798.0,6829.230086710456
Lasso Regression,3017.3,3197.33653249529
Lasso Regression,6983.55,6999.780041272455
Lasso Regression,6797.7,6793.133996602005
Lasso Regression,3390.45,3348.87833821572
Lasso Regression,5464.2,5431.614145694853
Lasso Regression,3810.45,3804.703308707203
Lasso Regression,5587.05,5589.165875945088
Lasso Regression,12664.05,12698.200544406256
Lasso Regression,2485.35,2443.888866224629
Lasso Regression,6755.7,6760.445837704699
Lasso Regression,3681.3,3616.628247835916
Lasso Regression,2382.45,2354.653541427773
Lasso Regression,5226.9,5204.028480781248
Lasso Regression,4548.6,4538.016423101177
Lasso Regression,18754.05,18857.967351066934
Lasso Regression,3207.75,3191.0713294638945
Lasso Regression,5316.15,5304.515784728525
Lasso Regression,6165.5,6189.2768351193645
Lasso Regression,2749.95,2712.494065782991
Lasso Regression,4536.0,4523.610509366758
Lasso Regression,2323.65,2273.409978597881
Lasso Regression,8499.75,8513.620827986877
Lasso Regression,3056.55,3024.1064214158537
Lasso Regression,5256.3,5191.611469892105
Lasso Regression,12471.9,12527.099708688613
Lasso Regression,10118.85,10156.536208998215
Lasso Regression,2576.2,2746.8853462695624
Lasso Regression,4881.45,4857.414442276079
Lasso Regression,2871.0,3078.8076748318654
Lasso Regression,3354.75,3316.506146953516
Lasso Regression,5247.9,5229.848629871182
Lasso Regression,17921.4,17976.068107322295
Lasso Regression,20035.05,20080.440631988444
Lasso Regression,8832.6,8851.715245968524
Lasso Regression,16791.6,16851.548539557287
Lasso Regression,8763.3,8778.813739501642
Lasso Regression,3577.35,3546.308767780388
Lasso Regression,2765.4,2961.2819676314643
Lasso Regression,11424.0,11463.52991213217
Lasso Regression,4441.5,4437.631084297185
Lasso Regression,2125.2,2122.073315376207
Lasso Regression,2779.35,2741.3277581786224
Lasso Regression,12031.8,11862.783749897364
Lasso Regression,20376.3,20434.612327040268
Lasso Regression,8272.95,8250.549920459438
Lasso Regression,6171.9,6144.367244912049
Lasso Regression,19658.1,19725.074865870956
Lasso Regression,2573.55,2523.0453555168287
Lasso Regression,6760.95,6754.328317770048
Lasso Regression,6333.6,6332.373432131144
Lasso Regression,5253.15,5239.64663678256
Lasso Regression,7474.95,7473.421755461851
Lasso Regression,2490.6,2449.5120230459192
Lasso Regression,3692.85,3669.949847316123
Lasso Regression,20940.15,21059.372125669874
Lasso Regression,5749.8,5719.759702678634
Lasso Regression,19867.1,19432.507846082233
Lasso Regression,5481.0,5442.793819250634
Lasso Regression,5840.1,5834.59997737
Lasso Regression,15554.7,15582.038802136507
Lasso Regression,18874.9,18393.424838908246
Lasso Regression,8254.05,8250.00893564777
Lasso Regression,6209.7,6190.997821756538
Lasso Regression,5017.95,4994.856911367423
Lasso Regression,4116.0,4111.898374023661
Lasso Regression,2193.45,2166.9439846259515
Lasso Regression,17122.35,17248.176828098112
Lasso Regression,7526.2,7502.964800396784
Lasso Regression,2893.8,2853.3241438732375
Lasso Regression,10432.8,10504.763021832354
Lasso Regression,2714.25,2669.6767896885453
Lasso Regression,5323.5,5327.710156912566
Lasso Regression,2704.8,2659.8619882587363
Lasso Regression,4127.55,4086.737440117634
Lasso Regression,10183.95,10221.511547938651
Lasso Regression,4396.35,4359.698018176893
Lasso Regression,3287.55,3264.9847360745416
Lasso Regression,5560.8,5532.779047029046
Lasso Regression,2599.8,2542.9298205690716
Lasso Regression,17715.6,17851.8603708029
Lasso Regression,5364.7,5466.461037447397
Lasso Regression,13932.45,13983.687566550281
Lasso Regression,4990.7,5050.002872993567
Lasso Regression,4978.05,4967.411334940559
Lasso Regression,2774.1,2714.4829200464374
Lasso Regression,5960.85,5932.283529090606
Lasso Regression,5780.25,5750.769753357524
Lasso Regression,6147.75,6138.077307273895
Lasso Regression,4749.15,4740.686185672942
Lasso Regression,20824.65,20943.723848237536
Lasso Regression,5216.4,5196.221865911455
Lasso Regression,7627.2,7595.448768282938
Lasso Regression,11448.15,11479.028060466808
Lasso Regression,2385.6,2336.7501645273414
Lasso Regression,7799.4,7775.431105077295
Lasso Regression,8556.9,8570.206287415327
Lasso Regression,3591.0,3555.8599395141855
Lasso Regression,9321.4,9276.26064208433
Lasso Regression,2048.55,1990.9636639087817
Lasso Regression,4952.85,4921.220481597281
Lasso Regression,10630.2,10644.200324003654
Lasso Regression,2459.1,2472.515534267994
Lasso Regression,4440.7,4537.0393574302925
Lasso Regression,2878.05,2850.7656306294743
Lasso Regression,4785.9,4757.116475756933
Lasso Regression,4355.4,4322.047009986344
Lasso Regression,14412.3,14479.099320075922
Support Vector Regressor,3174.6,5444.13158452124
Support Vector Regressor,5492.55,5504.05231752548
Support Vector Regressor,7237.65,5515.40068215505
Support Vector Regressor,19677.0,5647.89954646119
Support Vector Regressor,6030.15,5475.15808624735
Support Vector Regressor,5740.35,5472.374322666511
Support Vector Regressor,3444.0,5445.837084829339
Support Vector Regressor,4870.95,5463.203907756785
Support Vector Regressor,2442.3,5430.12544789748
Support Vector Regressor,9975.9,5528.662971319534
Support Vector Regressor,5009.55,5468.580977985349
Support Vector Regressor,2404.5,5435.189512515994
Support Vector Regressor,5745.6,5470.600090943283
Support Vector Regressor,4355.4,5454.883811676342
Support Vector Regressor,7782.6,5494.916794440999
Support Vector Regressor,5603.85,5494.046079439315
Support Vector Regressor,9070.95,5547.992247289538
Support Vector Regressor,5985.1,5468.399602020839
Support Vector Regressor,9228.45,5519.897737275991
Support Vector Regressor,3382.05,5446.530060593532
Support Vector Regressor,5294.1,5465.913025081734
Support Vector Regressor,6564.8,5497.641556565553
Support Vector Regressor,3974.25,5446.131613249902
Support Vector Regressor,5973.45,5511.8096133850195
Support Vector Regressor,20492.85,5633.424421854621
Support Vector Regressor,11753.5,5572.6864218607625
Support Vector Regressor,14015.4,5600.9569309264825
Support Vector Regressor,2642.85,5440.225400961637
Support Vector Regressor,5631.15,5470.022312638928
Support Vector Regressor,9447.9,5538.811693242925
Support Vector Regressor,2944.2,5444.72150747024
Support Vector Regressor,8026.2,5509.606506449034
Support Vector Regressor,18752.8,5626.091829231752
Support Vector Regressor,4670.4,5456.63866630267
Support Vector Regressor,6638.1,5502.988285440421
Support Vector Regressor,14283.15,5596.56164860943
Support Vector Regressor,2856.0,5456.060672639995
Support Vector Regressor,2830.8,5476.310609658359
Support Vector Regressor,2864.4,5464.684752673679
Support Vector Regressor,2284.8,5452.9727014008195
Support Vector Regressor,3463.9,5472.553864045777
Support Vector Regressor,3355.8,5442.454348438442
Support Vector Regressor,3073.4,5485.150866228227
Support Vector Regressor,5666.1,5469.540431062467
Support Vector Regressor,16930.2,5590.83544349727
Support Vector Regressor,18820.2,5607.587613398112
Support Vector Regressor,4499.25,5457.8555095761585
Support Vector Regressor,4668.4,5452.901236346021
Support Vector Regressor,12085.5,5577.576171461471
Support Vector Regressor,3624.6,5458.974963970607
Support Vector Regressor,19598.25,5625.416737391638
Support Vector Regressor,3120.6,5471.443704636903
Support Vector Regressor,13907.25,5599.9971129737305
Support Vector Regressor,6449.1,5477.8291217592805
Support Vector Regressor,8737.05,5544.6741406988285
Support Vector Regressor,6850.2,5484.680702970366
Support Vector Regressor,6954.15,5484.047384687696
Support Vector Regressor,4214.7,5462.577731667666
Support Vector Regressor,9275.7,5550.244550235904
Support Vector Regressor,2951.55,5436.9415521195215
Support Vector Regressor,3680.25,5468.378426663915
Support Vector Regressor,1103.55,5419.789343221416
Support Vector Regressor,2686.95,5432.109901151734
Support Vector Regressor,8648.85,5505.443081103208
Support Vector Regressor,5467.35,5501.538268105114
Support Vector Regressor,10200.75,5530.069648372833
Support Vector Regressor,15118.4,5606.816756247871
Support Vector Regressor,4175.85,5448.770832189523
Support Vector Regressor,17491.95,5627.015227334252
Support Vector Regressor,6769.35,5498.124077440993
Support Vector Regressor,11206.65,5534.7795743543975
Support Vector Regressor,7500.15,5530.962042716667
Support Vector Regressor,2853.9,5451.175166933088
Support Vector Regressor,5252.5,5483.642719955408
Support Vector Regressor,2371.95,5432.098097905224
Support Vector Regressor,2692.2,5432.5448388408195
Support Vector Regressor,2276.4,5482.84261839219
Support Vector Regressor,9219.1,5510.703945740181
Support Vector Regressor,3545.85,5489.156902712441
Support Vector Regressor,6911.1,5484.938898947224
Support Vector Regressor,3471.3,5490.444655069464
Support Vector Regressor,20021.4,5643.209083446646
Support Vector Regressor,6380.85,5489.874549892317
Support Vector Regressor,4975.95,5473.190679766838
Support Vector Regressor,4541.25,5472.573305421373
Support Vector Regressor,2874.3,5468.513255531926
Support Vector Regressor,19894.35,5637.398246761563
Support Vector Regressor,9741.9,5552.990515312384
Support Vector Regressor,2176.65,5429.394867226055
Support Vector Regressor,2626.05,5452.762158187019
Support Vector Regressor,6664.35,5520.379931565707
Support Vector Regressor,2113.65,5426.126476156846
Support Vector Regressor,9837.3,5534.083812804441
Support Vector Regressor,4592.7,5465.856834713089
Support Vector Regressor,13986.0,5593.138800381898
Support Vector Regressor,5498.9,5481.529912218502
Support Vector Regressor,11480.7,5575.738105996364
Support Vector Regressor,6795.6,5484.041569793272
Support Vector Regressor,2959.95,5434.462344520348
Support Vector Regressor,6825.0,5492.710751484272
Support Vector Regressor,12632.55,5567.250028520229
Support Vector Regressor,8497.5,5498.914621433992
Support Vector Regressor,20607.3,5650.222490906439
Support Vector Regressor,2517.9,5457.420863392968
Support Vector Regressor,3792.8,5447.744431997179
Support Vector Regressor,2906.4,5434.0225879500385
Support Vector Regressor,2107.35,5474.7628806941775
Support Vector Regressor,10600.8,5537.815730774884
Support Vector Regressor,20617.8,5625.775355617869
Support Vector Regressor,2317.35,5464.884971473389
Support Vector Regressor,6905.85,5510.956506414862
Support Vector Regressor,4293.45,5451.301783150827
Support Vector Regressor,4517.1,5459.498691471633
Support Vector Regressor,4407.9,5466.305048331781
Support Vector Regressor,3320.1,5439.628640884006
Support Vector Regressor,6541.5,5488.691073558892
Support Vector Regressor,4512.9,5453.410069991785
Support Vector Regressor,10210.2,5556.643592275847
Support Vector Regressor,1557.15,5431.45207219855
Support Vector Regressor,18080.7,5634.931842024144
Support Vector Regressor,2101.05,5428.129411473842
Support Vector Regressor,5746.65,5509.4193325455835
Support Vector Regressor,5049.45,5464.799680476338
Support Vector Regressor,4666.2,5490.717605003567
Support Vector Regressor,6880.65,5483.624106394091
Support Vector Regressor,8598.45,5538.1330104363615
Support Vector Regressor,4672.5,5502.139339804602
Support Vector Regressor,2978.85,5446.657727358706
Support Vector Regressor,5489.4,5506.417057460244
Support Vector Regressor,2444.4,5431.616355920913
Support Vector Regressor,4916.1,5460.013350927922
Support Vector Regressor,3127.95,5473.176328696213
Support Vector Regressor,5641.65,5467.0390347440525
Support Vector Regressor,3641.0,5444.65216258668
Support Vector Regressor,18768.75,5636.347366389725
Support Vector Regressor,17724.0,5630.681721220301
Support Vector Regressor,9289.35,5532.285940535312
Support Vector Regressor,11020.8,5532.005163599651
Support Vector Regressor,9905.7,5530.992831142125
Support Vector Regressor,6798.0,5513.733636697982
Support Vector Regressor,3017.3,5434.3432019525035
Support Vector Regressor,6983.55,5517.088471699871
Support Vector Regressor,6797.7,5485.468878503656
Support Vector Regressor,3390.45,5442.942448574749
Support Vector Regressor,5464.2,5473.26355447697
Support Vector Regressor,3810.45,5468.08495609822
Support Vector Regressor,5587.05,5476.743186668405
Support Vector Regressor,12664.05,5582.767035380731
Support Vector Regressor,2485.35,5442.897777196345
Support Vector Regressor,6755.7,5481.354662112418
Support Vector Regressor,3681.3,5444.206468309796
Support Vector Regressor,2382.45,5447.166323727411
Support Vector Regressor,5226.9,5464.560189517963
Support Vector Regressor,4548.6,5463.542237429459
Support Vector Regressor,18754.05,5618.7556252901795
Support Vector Regressor,3207.75,5438.971950819887
Support Vector Regressor,5316.15,5475.728683972213
Support Vector Regressor,6165.5,5495.599838266903
Support Vector Regressor,2749.95,5439.912265492631
Support Vector Regressor,4536.0,5494.488317050551
Support Vector Regressor,2323.65,5465.028569757531
Support Vector Regressor,8499.75,5530.82937344871
Support Vector Regressor,3056.55,5445.263026884405
Support Vector Regressor,5256.3,5462.303154725729
Support Vector Regressor,12471.9,5586.51141266381
Support Vector Regressor,10118.85,5531.126160569634
Support Vector Regressor,2576.2,5429.195470010435
Support Vector Regressor,4881.45,5474.485394843365
Support Vector Regressor,2871.0,5442.060787108506
Support Vector Regressor,3354.75,5444.091754726426
Support Vector Regressor,5247.9,5466.955918583984
Support Vector Regressor,17921.4,5606.07616858658
Support Vector Regressor,20035.05,5639.429120895596
Support Vector Regressor,8832.6,5506.668665873909
Support Vector Regressor,16791.6,5630.599457124737
Support Vector Regressor,8763.3,5539.954233234388
Support Vector Regressor,3577.35,5488.56538581681
Support Vector Regressor,2765.4,5485.931395975748
Support Vector Regressor,11424.0,5541.474133964474
Support Vector Regressor,4441.5,5476.423864014613
Support Vector Regressor,2125.2,5428.809501076492
Support Vector Regressor,2779.35,5437.993770493171
Support Vector Regressor,12031.8,5545.419696851796
Support Vector Regressor,20376.3,5632.251514437704
Support Vector Regressor,8272.95,5518.775970042809
Support Vector Regressor,6171.9,5489.009161228535
Support Vector Regressor,19658.1,5644.457036199573
Support Vector Regressor,2573.55,5435.79301160642
Support Vector Regressor,6760.95,5492.652756057353
Support Vector Regressor,6333.6,5478.9202321542425
Support Vector Regressor,5253.15,5500.226593957788
Support Vector Regressor,7474.95,5522.920930234033
Support Vector Regressor,2490.6,5481.310604873195
Support Vector Regressor,3692.85,5479.373997249093
Support Vector Regressor,20940.15,5649.886258127196
Support Vector Regressor,5749.8,5503.9632036845705
Support Vector Regressor,19867.1,5640.514488175334
Support Vector Regressor,5481.0,5467.969271572586
Support Vector Regressor,5840.1,5471.353736821747
Support Vector Regressor,15554.7,5615.354405606523
Support Vector Regressor,18874.9,5606.115298820672
Support Vector Regressor,8254.05,5519.95149855072
Support Vector Regressor,6209.7,5477.028315118133
Support Vector Regressor,5017.95,5464.961333302414
Support Vector Regressor,4116.0,5470.3502253058305
Support Vector Regressor,2193.45,5431.107435481973
Support Vector Regressor,17122.35,5601.8235486204985
Support Vector Regressor,7526.2,5528.25439374112
Support Vector Regressor,2893.8,5438.610271443437
Support Vector Regressor,10432.8,5526.673287128279
Support Vector Regressor,2714.25,5465.446558980239
Support Vector Regressor,5323.5,5462.913284009576
Support Vector Regressor,2704.8,5460.579669313936
Support Vector Regressor,4127.55,5478.885572157696
Support Vector Regressor,10183.95,5529.760004078495
Support Vector Regressor,4396.35,5456.18188577169
Support Vector Regressor,3287.55,5489.3254596728575
Support Vector Regressor,5560.8,5494.2040781862615
Support Vector Regressor,2599.8,5447.413891612522
Support Vector Regressor,17715.6,5636.409925010576
Support Vector Regressor,5364.7,5489.401016086865
Support Vector Regressor,13932.45,5603.027334008997
Support Vector Regressor,4990.7,5475.702047746835
Support Vector Regressor,4978.05,5494.989877779296
Support Vector Regressor,2774.1,5442.774494180027
Support Vector Regressor,5960.85,5472.00617380809
Support Vector Regressor,5780.25,5470.23895312051
Support Vector Regressor,6147.75,5493.759185708003
Support Vector Regressor,4749.15,5458.215517317233
Support Vector Regressor,20824.65,5614.323466939545
Support Vector Regressor,5216.4,5484.228265324516
Support Vector Regressor,7627.2,5497.700563895646
Support Vector Regressor,11448.15,5552.065219588657
Support Vector Regressor,2385.6,5475.356432040666
Support Vector Regressor,7799.4,5510.695468473182
Support Vector Regressor,8556.9,5535.650657589809
Support Vector Regressor,3591.0,5473.21222250931
Support Vector Regressor,9321.4,5541.757839682617
Support Vector Regressor,2048.55,5425.383290236433
Support Vector Regressor,4952.85,5481.153909627193
Support Vector Regressor,10630.2,5562.237016472124
Support Vector Regressor,2459.1,5461.8758101567755
Support Vector Regressor,4440.7,5483.147092512828
Support Vector Regressor,2878.05,5434.746368406838
Support Vector Regressor,4785.9,5463.574886097199
Support Vector Regressor,4355.4,5453.208529456402
Support Vector Regressor,14412.3,5607.835272272698
